Metric,Value
Total Return,0.18173166240562333
CAGR,0.07081648865443824
Sharpe,0.40940945453101096
Max Drawdown,-0.3982895833664172
