Metric,Value
Total Return,0.24078527961517282
CAGR,0.09242785780761276
Sharpe,0.576660654071828
Max Drawdown,-0.290169009604626
