Sector,Total Return
Retail,2.8557874558514507
Industrials,2.506888631496196
Other,1.4518807989672977
Metals,1.3074454169534804
Auto,1.1068516213100434
Energy,0.9049098706443741
FMCG,0.4861301723566076
Financials,0.3998238682719878
IT,0.2711938318664634
Defence,0.22437908183169286
Telecom,0.020409530250774077
Materials,-0.0022188312982882596
Pharma,-0.06158523499821433
