Metric,Value
Strategy Return,673.23218528014
Benchmark Return,283.16479530181573
NIFTY 50 Return,"Ticker
^NSEI    122.35215
Name: 2026-05-13 00:00:00, dtype: float64"
CAGR,0.4191910443558362
Sharpe,1.856140064955564
Max Drawdown,-0.16159200336056256
