Metric,Value
Total Return,31.086446999936307
CAGR,0.3420725129528912
Sharpe,0.8948416356616747
Max Drawdown,-0.3650481191482777
