,Total Return,CAGR,Sharpe
Top5,36.41580996580264,0.39943770438516846,0.9230211343009617
Top10,31.086446999936307,0.3796273669904626,1.0191873964125027
Top20,29.238711899358698,0.37205604448596774,1.1744269149591393
Top30,23.5895075887057,0.3459801161457765,1.199789972731832
