,Total Return,CAGR,Sharpe,MaxDD
21D,36.85963839998289,0.40096970434382073,1.4024129396107297,-0.340064939858184
42D,38.91623079907461,0.4078625779630243,1.3882954954539493,-0.2791355992639394
63D,29.238711899358698,0.37205604448596774,1.1744269149591393,-0.258202265722006
126D,26.50816377057437,0.36006070431626824,1.1388034482004932,-0.21744248783489795
