Regime,count,mean,std,Sharpe
Bear,13,0.04196252493119888,0.09015358601994837,0.4654559711236977
Bull,47,0.07746485089361264,0.13266470514106796,0.5839145446502972
