,Total Return,CAGR,Sharpe,MaxDD,Win Rate,Profit Factor
Baseline,37.708294402725365,0.4038542590623355,1.377718366972348,-0.2845023769417748,0.7213114754098361,4.019299766633433
Conservative,46.903276303144416,0.43189171034641194,1.378751823319621,-0.3033158755092731,0.7213114754098361,4.264258019090999
Balanced,57.291491408160255,0.45820652126171835,1.3587228004311889,-0.32352091607520894,0.7213114754098361,4.516574664011821
Aggressive,81.2350067961795,0.5055170429211591,1.2879317528768637,-0.36761935533483825,0.7213114754098361,5.044650453757079
