Sector,Total Return
Retail,2.8557873503481357
Industrials,2.5068885659443287
Other,1.4518807962283518
Metals,1.3074446340091956
Auto,1.1068520257139332
Energy,0.9049091460782798
FMCG,0.4861298933492997
Financials,0.3998245520479182
IT,0.27119439354715835
Defence,0.22437892366298384
Telecom,0.02040962064522467
Materials,-0.002218989954617112
Pharma,-0.0615853017279806
