Side,Trades,Average Return,Win Rate
Long,55,0.00362634212237623,0.6727272727272727
Short,114,-0.0012996103737511503,0.40350877192982454
