volatility_regime,actual_vol,predicted_vol
Low Vol,0.0001374699636270266,0.00019760725250631402
Medium Vol,0.00024126715439700365,0.0002582089931519276
High Vol,0.0005249467566350916,0.000416148698976223
