vol_bucket,future_vol_15m
Very Low,0.00020466335657102892
Low,0.00026089731361670835
Medium,0.0003075682734992208
High,0.0003699245880885764
Very High,0.0005592556879517859
